WL,Date,PF,Opponent,PA,Location,Notes,Year,Team,offName,Home
W,2010-11-13,28,Utah,3,"South Bend, IN",,2010,Notre Dame (IN),University of Notre Dame,1
L,2010-09-02,24,Utah,27,"Pittsburgh, PA",,2010,Pittsburgh (PA),University of Pittsburgh,0
W,2010-09-18,34,Brigham Young (UT),10,"Tallahassee, FL",,2010,Florida St.,Florida State University,1
W,2010-10-16,31,Brigham Young (UT),3,"Fort Worth, TX",,2010,Texas Christian,Texas Christian University,1
W,2010-11-06,47,Utah,7,"Fort Worth, TX",,2010,Texas Christian,Texas Christian University,0
L,2010-10-09,27,Utah,68,"Ames, IA",,2010,Iowa St.,Iowa State University,1
L,2010-12-18,24,Brigham Young (UT),52,"El Paso, TX",,2010,Texas-El Paso,University of Texas-El Paso,1
W,2010-09-04,23,Washington,17,"Provo, UT",,2010,Brigham Young (UT),Brigham Young University,1
L,2010-09-11,14,Air Force (CO),35,"Provo, UT",,2010,Brigham Young (UT),Brigham Young University,0
L,2010-09-18,10,Florida St.,34,"Provo, UT",,2010,Brigham Young (UT),Brigham Young University,0
L,2010-09-25,13,Nevada,27,"Provo, UT",,2010,Brigham Young (UT),Brigham Young University,1
L,2010-10-01,16,Utah St.,31,"Provo, UT",,2010,Brigham Young (UT),Brigham Young University,0
W,2010-10-09,24,San Diego St. (CA),21,"Provo, UT",,2010,Brigham Young (UT),Brigham Young University,1
L,2010-10-16,3,Texas Christian,31,"Provo, UT",,2010,Brigham Young (UT),Brigham Young University,0
W,2010-10-23,25,Wyoming,20,"Provo, UT",,2010,Brigham Young (UT),Brigham Young University,1
W,2010-11-13,49,Colorado St.,10,"Provo, UT",,2010,Brigham Young (UT),Brigham Young University,0
W,2010-11-20,40,New Mexico,7,"Provo, UT",,2010,Brigham Young (UT),Brigham Young University,1
L,2010-11-27,16,Utah,17,"Provo, UT",,2010,Brigham Young (UT),Brigham Young University,0
W,2010-12-18,52,Texas-El Paso,24,"Provo, UT",,2010,Brigham Young (UT),Brigham Young University,1
W,2010-09-11,35,Brigham Young (UT),14,"Air Force Academy, CO",,2010,Air Force (CO),United States Air Force Academy,1
L,2010-10-30,23,Utah,28,"Air Force Academy, CO",,2010,Air Force (CO),United States Air Force Academy,1
L,2010-10-23,6,Utah,59,"Fort Collins, CO",,2010,Colorado St.,Colorado State University,0
L,2010-11-13,10,Brigham Young (UT),49,"Fort Collins, CO",,2010,Colorado St.,Colorado State University,1
W,2010-12-22,26,Utah,3,"Boise, ID",,2010,Boise St. (ID),Boise State University,1
L,2010-09-18,14,Utah,56,"Albuquerque, NM",,2010,New Mexico,University of New Mexico,1
L,2010-11-20,7,Brigham Young (UT),40,"Albuquerque, NM",,2010,New Mexico,University of New Mexico,0
W,2010-10-01,31,Brigham Young (UT),16,"Logan, UT",,2010,Utah St.,Utah State University,1
L,2010-10-16,6,Utah,30,"Laramie, WY",,2010,Wyoming,University of Wyoming,1
L,2010-10-23,20,Brigham Young (UT),25,"Laramie, WY",,2010,Wyoming,University of Wyoming,0
W,2010-09-25,27,Brigham Young (UT),13,"Reno, NV",,2010,Nevada,University of Nevada: Reno,0
L,2010-10-09,21,Brigham Young (UT),24,"San Diego, CA",,2010,San Diego St. (CA),San Diego State University,0
L,2010-11-20,34,Utah,38,"San Diego, CA",,2010,San Diego St. (CA),San Diego State University,1
L,2010-09-25,3,Utah,56,"San Jose, CA",,2010,San Jose St. (CA),San Jose State University,0
L,2010-09-11,10,Utah,38,"Las Vegas, NV",,2010,Nevada-Las Vegas,University of Nevada: Las Vegas,0
L,2010-11-06,7,Brigham Young (UT),55,"Las Vegas, NV",,2010,Nevada-Las Vegas,University of Nevada: Las Vegas,0
L,2010-09-04,17,Brigham Young (UT),23,"Seattle, WA",,2010,Washington,University of Washington,0
W,2010-09-02,27,Pittsburgh (PA),24,"Salt Lake City, UT",,2010,Utah,University of Utah,1
W,2010-09-18,56,New Mexico,14,"Salt Lake City, UT",,2010,Utah,University of Utah,0
W,2010-09-25,56,San Jose St. (CA),3,"Salt Lake City, UT",,2010,Utah,University of Utah,1
W,2010-10-09,68,Iowa St.,27,"Salt Lake City, UT",,2010,Utah,University of Utah,0
W,2010-10-16,30,Wyoming,6,"Salt Lake City, UT",,2010,Utah,University of Utah,0
W,2010-10-23,59,Colorado St.,6,"Salt Lake City, UT",,2010,Utah,University of Utah,1
W,2010-10-30,28,Air Force (CO),23,"Salt Lake City, UT",,2010,Utah,University of Utah,0
L,2010-11-06,7,Texas Christian,47,"Salt Lake City, UT",,2010,Utah,University of Utah,1
L,2010-11-13,3,Notre Dame (IN),28,"Salt Lake City, UT",,2010,Utah,University of Utah,0
W,2010-11-20,38,San Diego St. (CA),34,"Salt Lake City, UT",,2010,Utah,University of Utah,0
W,2010-11-27,17,Brigham Young (UT),16,"Salt Lake City, UT",,2010,Utah,University of Utah,1
L,2010-12-22,3,Boise St. (ID),26,"Salt Lake City, UT",,2010,Utah,University of Utah,1
L,2011-12-30,21,Brigham Young (UT),24,"Tulsa, OK",,2011,Tulsa (OK),University of Tulsa,1
L,2011-09-23,17,Brigham Young (UT),24,"Orlando, FL",,2011,Central Florida,University of Central Florida,0
L,2011-12-31,27,Utah,30,"Atlanta, GA",,2011,Georgia Tech,Georgia Institute of Technology,1
L,2011-10-15,14,Utah,26,"Pittsburgh, PA",,2011,Pittsburgh (PA),University of Pittsburgh,1
W,2011-09-10,17,Brigham Young (UT),16,"Austin, TX",,2011,Texas,The University of Texas at Austin,1
W,2011-10-28,38,Brigham Young (UT),28,"Fort Worth, TX",,2011,Texas Christian,Texas Christian University,1
W,2011-09-03,14,Mississippi,13,"Provo, UT",,2011,Brigham Young (UT),Brigham Young University,0
L,2011-09-10,16,Texas,17,"Provo, UT",,2011,Brigham Young (UT),Brigham Young University,0
L,2011-09-17,10,Utah,54,"Provo, UT",,2011,Brigham Young (UT),Brigham Young University,1
W,2011-09-30,27,Utah St.,24,"Provo, UT",,2011,Brigham Young (UT),Brigham Young University,1
W,2011-10-08,29,San Jose St. (CA),16,"Provo, UT",,2011,Brigham Young (UT),Brigham Young University,1
W,2011-10-15,38,Oregon St.,28,"Provo, UT",,2011,Brigham Young (UT),Brigham Young University,0
W,2011-10-22,56,Idaho St.,3,"Provo, UT",,2011,Brigham Young (UT),Brigham Young University,1
L,2011-10-28,28,Texas Christian,38,"Provo, UT",,2011,Brigham Young (UT),Brigham Young University,1
W,2011-11-12,42,Idaho,7,"Provo, UT",,2011,Brigham Young (UT),Brigham Young University,1
W,2011-11-19,42,New Mexico St.,7,"Provo, UT",,2011,Brigham Young (UT),Brigham Young University,1
W,2011-12-03,41,Hawaii,20,"Provo, UT",,2011,Brigham Young (UT),Brigham Young University,0
W,2011-12-30,24,Tulsa (OK),21,"Provo, UT",,2011,Brigham Young (UT),Brigham Young University,1
L,2011-11-19,7,Brigham Young (UT),42,"Las Cruces, NM",,2011,New Mexico St.,New Mexico State University,0
L,2011-09-30,24,Brigham Young (UT),27,"Logan, UT",,2011,Utah St.,Utah State University,0
L,2011-12-03,20,Brigham Young (UT),41,"Honolulu, HI",,2011,Hawaii,University of Hawaii at Manoa,1
L,2011-10-08,16,Brigham Young (UT),29,"San Jose, CA",,2011,San Jose St. (CA),San Jose State University,0
W,2011-10-22,34,Utah,10,"Berkeley, CA",,2011,California,University of California: Berkeley,1
L,2011-10-15,28,Brigham Young (UT),38,"Corvallis, OR",,2011,Oregon St.,Oregon State University,1
L,2011-10-29,8,Utah,27,"Corvallis, OR",,2011,Oregon St.,Oregon State University,0
W,2011-10-01,31,Utah,14,"Seattle, WA",,2011,Washington,University of Washington,0
L,2011-11-19,27,Utah,30,"Pullman, WA",,2011,Washington St.,Washington State University,1
W,2011-10-08,35,Utah,14,"Tempe, AZ",,2011,Arizona St.,Arizona State University,0
L,2011-11-05,21,Utah,34,"Tucson, AZ",,2011,Arizona,University of Arizona,1
W,2011-11-25,17,Utah,14,"Boulder, CO",,2011,Colorado,University of Colorado at Boulder,0
L,2011-11-12,6,Utah,31,"Pasadena, CA",,2011,UCLA,University of California: Los Angeles,0
W,2011-09-01,27,Montana St.,10,"Salt Lake City, UT",,2011,Utah,University of Utah,1
L,2011-09-10,14,Southern California,23,"Salt Lake City, UT",,2011,Utah,University of Utah,0
W,2011-09-17,54,Brigham Young (UT),10,"Salt Lake City, UT",,2011,Utah,University of Utah,0
L,2011-10-01,14,Washington,31,"Salt Lake City, UT",,2011,Utah,University of Utah,1
L,2011-10-08,14,Arizona St.,35,"Salt Lake City, UT",,2011,Utah,University of Utah,1
W,2011-10-15,26,Pittsburgh (PA),14,"Salt Lake City, UT",,2011,Utah,University of Utah,0
L,2011-10-22,10,California,34,"Salt Lake City, UT",,2011,Utah,University of Utah,0
W,2011-10-29,27,Oregon St.,8,"Salt Lake City, UT",,2011,Utah,University of Utah,1
W,2011-11-05,34,Arizona,21,"Salt Lake City, UT",,2011,Utah,University of Utah,0
W,2011-11-12,31,UCLA,6,"Salt Lake City, UT",,2011,Utah,University of Utah,1
W,2011-11-19,30,Washington St.,27,"Salt Lake City, UT",,2011,Utah,University of Utah,0
L,2011-11-25,14,Colorado,17,"Salt Lake City, UT",,2011,Utah,University of Utah,1
W,2011-12-31,30,Georgia Tech,27,"Salt Lake City, UT",,2011,Utah,University of Utah,1
W,2011-09-10,23,Utah,14,"Los Angeles, CA",,2011,Southern California,University of Southern California,1
L,2011-09-03,13,Brigham Young (UT),14,"Oxford, MS",,2011,Mississippi,University of Mississippi,1
L,2012-10-27,17,Brigham Young (UT),41,"Atlanta, GA",,2012,Georgia Tech,Georgia Institute of Technology,1
W,2012-10-20,17,Brigham Young (UT),14,"South Bend, IN",,2012,Notre Dame (IN),University of Notre Dame,1
W,2012-08-30,30,Washington St.,6,"Provo, UT",,2012,Brigham Young (UT),Brigham Young University,1
W,2012-09-08,45,Weber St. (UT),13,"Provo, UT",,2012,Brigham Young (UT),Brigham Young University,1
L,2012-09-15,21,Utah,24,"Provo, UT",,2012,Brigham Young (UT),Brigham Young University,0
L,2012-09-20,6,Boise St. (ID),7,"Provo, UT",,2012,Brigham Young (UT),Brigham Young University,0
W,2012-09-28,47,Hawaii,0,"Provo, UT",,2012,Brigham Young (UT),Brigham Young University,1
W,2012-10-05,6,Utah St.,3,"Provo, UT",,2012,Brigham Young (UT),Brigham Young University,1
L,2012-10-13,24,Oregon St.,42,"Provo, UT",,2012,Brigham Young (UT),Brigham Young University,1
L,2012-10-20,14,Notre Dame (IN),17,"Provo, UT",,2012,Brigham Young (UT),Brigham Young University,0
W,2012-10-27,41,Georgia Tech,17,"Provo, UT",,2012,Brigham Young (UT),Brigham Young University,0
W,2012-11-10,52,Idaho,13,"Provo, UT",,2012,Brigham Young (UT),Brigham Young University,1
L,2012-11-17,14,San Jose St. (CA),20,"Provo, UT",,2012,Brigham Young (UT),Brigham Young University,0
W,2012-11-24,50,New Mexico St.,14,"Provo, UT",,2012,Brigham Young (UT),Brigham Young University,0
W,2012-12-20,23,San Diego St. (CA),6,"Provo, UT",,2012,Brigham Young (UT),Brigham Young University,1
L,2012-11-24,14,Brigham Young (UT),50,"Las Cruces, NM",,2012,New Mexico St.,New Mexico State University,1
W,2012-09-20,7,Brigham Young (UT),6,"Boise, ID",,2012,Boise St. (ID),Boise State University,1
W,2012-09-07,27,Utah,20,"Logan, UT",,2012,Utah St.,Utah State University,1
L,2012-10-05,3,Brigham Young (UT),6,"Logan, UT",,2012,Utah St.,Utah State University,0
L,2012-09-28,0,Brigham Young (UT),47,"Honolulu, HI",,2012,Hawaii,University of Hawaii at Manoa,0
L,2012-12-20,6,Brigham Young (UT),23,"San Diego, CA",,2012,San Diego St. (CA),San Diego State University,1
W,2012-11-17,20,Brigham Young (UT),14,"San Jose, CA",,2012,San Jose St. (CA),San Jose State University,1
L,2012-10-27,27,Utah,49,"Berkeley, CA",,2012,California,University of California: Berkeley,0
W,2012-10-13,42,Brigham Young (UT),24,"Corvallis, OR",,2012,Oregon St.,Oregon State University,0
W,2012-10-20,21,Utah,7,"Corvallis, OR",,2012,Oregon St.,Oregon State University,1
W,2012-11-10,34,Utah,15,"Seattle, WA",,2012,Washington,University of Washington,1
L,2012-08-30,6,Brigham Young (UT),30,"Pullman, WA",,2012,Washington St.,Washington State University,0
L,2012-11-03,6,Utah,49,"Pullman, WA",,2012,Washington St.,Washington State University,0
W,2012-09-22,37,Utah,7,"Tempe, AZ",,2012,Arizona St.,Arizona State University,1
W,2012-11-17,34,Utah,24,"Tucson, AZ",,2012,Arizona,University of Arizona,0
L,2012-11-23,35,Utah,42,"Boulder, CO",,2012,Colorado,University of Colorado at Boulder,1
W,2012-10-13,21,Utah,14,"Pasadena, CA",,2012,UCLA,University of California: Los Angeles,1
W,2012-10-04,38,Utah,28,"Los Angeles, CA",,2012,Southern California,University of Southern California,0
L,2012-09-07,20,Utah St.,27,"Salt Lake City, UT",,2012,Utah,University of Utah,0
W,2012-09-15,24,Brigham Young (UT),21,"Salt Lake City, UT",,2012,Utah,University of Utah,1
L,2012-09-22,7,Arizona St.,37,"Salt Lake City, UT",,2012,Utah,University of Utah,0
L,2012-10-04,28,Southern California,38,"Salt Lake City, UT",,2012,Utah,University of Utah,1
L,2012-10-13,14,UCLA,21,"Salt Lake City, UT",,2012,Utah,University of Utah,0
L,2012-10-20,7,Oregon St.,21,"Salt Lake City, UT",,2012,Utah,University of Utah,0
W,2012-10-27,49,California,27,"Salt Lake City, UT",,2012,Utah,University of Utah,1
W,2012-11-03,49,Washington St.,6,"Salt Lake City, UT",,2012,Utah,University of Utah,1
L,2012-11-10,15,Washington,34,"Salt Lake City, UT",,2012,Utah,University of Utah,0
L,2012-11-17,24,Arizona,34,"Salt Lake City, UT",,2012,Utah,University of Utah,1
W,2012-11-23,42,Colorado,35,"Salt Lake City, UT",,2012,Utah,University of Utah,0
L,2013-10-19,46,Brigham Young (UT),47,"Houston, TX",,2013,Houston (TX),University of Houston,1
L,2013-10-12,20,Brigham Young (UT),38,"Atlanta, GA",,2013,Georgia Tech,Georgia Institute of Technology,0
W,2013-11-23,23,Brigham Young (UT),13,"South Bend, IN",,2013,Notre Dame (IN),University of Notre Dame,1
W,2013-08-31,19,Brigham Young (UT),16,"Charlottesville, VA",,2013,Virginia,University of Virginia,1
L,2013-09-07,21,Brigham Young (UT),40,"Austin, TX",,2013,Texas,The University of Texas at Austin,0
W,2013-11-09,27,Brigham Young (UT),17,"Madison, WI",,2013,Wisconsin,University of Wisconsin-Madison,1
L,2013-09-27,10,Brigham Young (UT),37,"Murfreesboro, TN",,2013,Middle Tennessee St.,Middle Tennessee State University,0
L,2013-08-31,16,Virginia,19,"Provo, UT",,2013,Brigham Young (UT),Brigham Young University,0
W,2013-09-07,40,Texas,21,"Provo, UT",,2013,Brigham Young (UT),Brigham Young University,1
L,2013-09-21,13,Utah,20,"Provo, UT",,2013,Brigham Young (UT),Brigham Young University,1
W,2013-09-27,37,Middle Tennessee St.,10,"Provo, UT",,2013,Brigham Young (UT),Brigham Young University,1
W,2013-10-04,31,Utah St.,14,"Provo, UT",,2013,Brigham Young (UT),Brigham Young University,0
W,2013-10-12,38,Georgia Tech,20,"Provo, UT",,2013,Brigham Young (UT),Brigham Young University,1
W,2013-10-19,47,Houston (TX),46,"Provo, UT",,2013,Brigham Young (UT),Brigham Young University,0
W,2013-10-25,37,Boise St. (ID),20,"Provo, UT",,2013,Brigham Young (UT),Brigham Young University,1
L,2013-11-09,17,Wisconsin,27,"Provo, UT",,2013,Brigham Young (UT),Brigham Young University,0
W,2013-11-16,59,Idaho St.,13,"Provo, UT",,2013,Brigham Young (UT),Brigham Young University,1
L,2013-11-23,13,Notre Dame (IN),23,"Provo, UT",,2013,Brigham Young (UT),Brigham Young University,0
W,2013-11-30,28,Nevada,23,"Provo, UT",,2013,Brigham Young (UT),Brigham Young University,0
L,2013-12-27,16,Washington,31,"Provo, UT",,2013,Brigham Young (UT),Brigham Young University,1
L,2013-10-25,20,Brigham Young (UT),37,"Boise, ID",,2013,Boise St. (ID),Boise State University,0
L,2013-08-29,26,Utah,30,"Logan, UT",,2013,Utah St.,Utah State University,0
L,2013-10-04,14,Brigham Young (UT),31,"Logan, UT",,2013,Utah St.,Utah State University,1
L,2013-11-30,23,Brigham Young (UT),28,"Reno, NV",,2013,Nevada,University of Nevada: Reno,1
W,2013-11-16,44,Utah,21,"Eugene, OR",,2013,Oregon,University of Oregon,1
W,2013-09-14,51,Utah,48,"Corvallis, OR",,2013,Oregon St.,Oregon State University,0
L,2013-10-12,21,Utah,27,"Stanford, CA",,2013,Stanford (CA),Stanford University,0
W,2013-12-27,31,Brigham Young (UT),16,"Seattle, WA",,2013,Washington,University of Washington,1
W,2013-11-23,49,Utah,37,"Pullman, WA",,2013,Washington St.,Washington State University,1
W,2013-11-09,20,Utah,19,"Tempe, AZ",,2013,Arizona St.,Arizona State University,0
W,2013-10-19,35,Utah,24,"Tucson, AZ",,2013,Arizona,University of Arizona,1
W,2013-10-03,34,Utah,27,"Pasadena, CA",,2013,UCLA,University of California: Los Angeles,0
L,2013-11-30,17,Utah,24,"Boulder, CO",,2013,Colorado,University of Colorado at Boulder,0
W,2013-10-26,19,Utah,3,"Los Angeles, CA",,2013,Southern California,University of Southern California,1
W,2013-08-29,30,Utah St.,26,"Salt Lake City, UT",,2013,Utah,University of Utah,1
W,2013-09-07,70,Weber St. (UT),7,"Salt Lake City, UT",,2013,Utah,University of Utah,1
L,2013-09-14,48,Oregon St.,51,"Salt Lake City, UT",,2013,Utah,University of Utah,1
W,2013-09-21,20,Brigham Young (UT),13,"Salt Lake City, UT",,2013,Utah,University of Utah,0
L,2013-10-03,27,UCLA,34,"Salt Lake City, UT",,2013,Utah,University of Utah,1
W,2013-10-12,27,Stanford (CA),21,"Salt Lake City, UT",,2013,Utah,University of Utah,1
L,2013-10-19,24,Arizona,35,"Salt Lake City, UT",,2013,Utah,University of Utah,0
L,2013-10-26,3,Southern California,19,"Salt Lake City, UT",,2013,Utah,University of Utah,0
L,2013-11-09,19,Arizona St.,20,"Salt Lake City, UT",,2013,Utah,University of Utah,1
L,2013-11-16,21,Oregon,44,"Salt Lake City, UT",,2013,Utah,University of Utah,0
L,2013-11-23,37,Washington St.,49,"Salt Lake City, UT",,2013,Utah,University of Utah,0
W,2013-11-30,24,Colorado,17,"Salt Lake City, UT",,2013,Utah,University of Utah,1
W,2014-12-22,55,Brigham Young (UT),48,"Memphis, TN",,2014,Memphis (TN),University of Memphis,1
L,2014-09-11,25,Brigham Young (UT),33,"Houston, TX",,2014,Houston (TX),University of Houston,0
W,2014-10-09,31,Brigham Young (UT),24,"Orlando, FL",,2014,Central Florida,University of Central Florida,1
L,2014-09-20,33,Brigham Young (UT),41,"Charlottesville, VA",,2014,Virginia,University of Virginia,0
L,2014-09-06,7,Brigham Young (UT),41,"Austin, TX",,2014,Texas,The University of Texas at Austin,1
L,2014-09-20,10,Utah,26,"Ann Arbor, MI",,2014,Michigan,University of Michigan,1
L,2014-11-01,7,Brigham Young (UT),27,"Murfreesboro, TN",,2014,Middle Tennessee St.,Middle Tennessee State University,1
W,2014-08-29,35,Connecticut,10,"Provo, UT",,2014,Brigham Young (UT),Brigham Young University,0
W,2014-09-06,41,Texas,7,"Provo, UT",,2014,Brigham Young (UT),Brigham Young University,0
W,2014-09-11,33,Houston (TX),25,"Provo, UT",,2014,Brigham Young (UT),Brigham Young University,1
W,2014-09-20,41,Virginia,33,"Provo, UT",,2014,Brigham Young (UT),Brigham Young University,1
L,2014-10-03,20,Utah St.,35,"Provo, UT",,2014,Brigham Young (UT),Brigham Young University,1
L,2014-10-18,35,Nevada,42,"Provo, UT",,2014,Brigham Young (UT),Brigham Young University,1
L,2014-10-24,30,Boise St. (ID),55,"Provo, UT",,2014,Brigham Young (UT),Brigham Young University,0
W,2014-11-01,27,Middle Tennessee St.,7,"Provo, UT",,2014,Brigham Young (UT),Brigham Young University,0
W,2014-11-22,64,Savannah St. (GA),0,"Provo, UT",,2014,Brigham Young (UT),Brigham Young University,1
W,2014-11-29,42,California,35,"Provo, UT",,2014,Brigham Young (UT),Brigham Young University,0
L,2014-12-22,48,Memphis (TN),55,"Provo, UT",,2014,Brigham Young (UT),Brigham Young University,1
L,2014-08-29,10,Brigham Young (UT),35,"East Hartford, CT",,2014,Connecticut,University of Connecticut,1
W,2014-10-24,55,Brigham Young (UT),30,"Boise, ID",,2014,Boise St. (ID),Boise State University,1
L,2014-12-20,10,Utah,45,"Fort Collins, CO",,2014,Colorado St.,Colorado State University,1
W,2014-10-03,35,Brigham Young (UT),20,"Logan, UT",,2014,Utah St.,Utah State University,0
L,2014-09-06,27,Utah,59,"Fresno, CA",,2014,Fresno St. (CA),California State University: Fresno,0
W,2014-10-18,42,Brigham Young (UT),35,"Reno, NV",,2014,Nevada,University of Nevada: Reno,0
L,2014-11-15,23,Brigham Young (UT),42,"Las Vegas, NV",,2014,Nevada-Las Vegas,University of Nevada: Las Vegas,0
L,2014-11-29,35,Brigham Young (UT),42,"Berkeley, CA",,2014,California,University of California: Berkeley,1
L,2014-10-16,23,Utah,29,"Corvallis, OR",,2014,Oregon St.,Oregon State University,1
W,2014-11-08,51,Utah,27,"Eugene, OR",,2014,Oregon,University of Oregon,0
L,2014-11-15,17,Utah,20,"Stanford, CA",,2014,Stanford (CA),Stanford University,1
W,2014-09-27,28,Utah,27,"Pullman, WA",,2014,Washington St.,Washington State University,0
W,2014-11-01,19,Utah,16,"Tempe, AZ",,2014,Arizona St.,Arizona State University,1
W,2014-11-22,42,Utah,10,"Tucson, AZ",,2014,Arizona,University of Arizona,0
L,2014-11-29,34,Utah,38,"Boulder, CO",,2014,Colorado,University of Colorado at Boulder,1
L,2014-10-04,28,Utah,30,"Pasadena, CA",,2014,UCLA,University of California: Los Angeles,1
L,2014-10-25,21,Utah,24,"Los Angeles, CA",,2014,Southern California,University of Southern California,0
W,2014-08-28,56,Idaho St.,14,"Salt Lake City, UT",,2014,Utah,University of Utah,1
W,2014-09-06,59,Fresno St. (CA),27,"Salt Lake City, UT",,2014,Utah,University of Utah,1
W,2014-09-20,26,Michigan,10,"Salt Lake City, UT",,2014,Utah,University of Utah,0
L,2014-09-27,27,Washington St.,28,"Salt Lake City, UT",,2014,Utah,University of Utah,1
W,2014-10-04,30,UCLA,28,"Salt Lake City, UT",,2014,Utah,University of Utah,0
W,2014-10-16,29,Oregon St.,23,"Salt Lake City, UT",,2014,Utah,University of Utah,0
W,2014-10-25,24,Southern California,21,"Salt Lake City, UT",,2014,Utah,University of Utah,1
L,2014-11-01,16,Arizona St.,19,"Salt Lake City, UT",,2014,Utah,University of Utah,0
L,2014-11-08,27,Oregon,51,"Salt Lake City, UT",,2014,Utah,University of Utah,1
W,2014-11-15,20,Stanford (CA),17,"Salt Lake City, UT",,2014,Utah,University of Utah,0
L,2014-11-22,10,Arizona,42,"Salt Lake City, UT",,2014,Utah,University of Utah,1
W,2014-11-29,38,Colorado,34,"Salt Lake City, UT",,2014,Utah,University of Utah,0
W,2014-12-20,45,Colorado St.,10,"Salt Lake City, UT",,2014,Utah,University of Utah,1
L,2015-10-16,24,Brigham Young (UT),38,"Cincinnati, OH",,2015,Cincinnati (OH),University of Cincinnati,0
L,2015-10-10,38,Brigham Young (UT),45,"Greenville, NC",,2015,East Carolina (NC),East Carolina University,0
L,2015-09-03,17,Utah,24,"Ann Arbor, MI",,2015,Michigan,University of Michigan,0
W,2015-09-26,31,Brigham Young (UT),0,"Ann Arbor, MI",,2015,Michigan,University of Michigan,1
L,2015-09-05,28,Brigham Young (UT),33,"Lincoln, NE",,2015,Nebraska,University of Nebraska - Lincoln,1
W,2015-09-05,33,Nebraska,28,"Provo, UT",,2015,Brigham Young (UT),Brigham Young University,0
W,2015-09-12,35,Boise St. (ID),24,"Provo, UT",,2015,Brigham Young (UT),Brigham Young University,1
L,2015-09-19,23,UCLA,24,"Provo, UT",,2015,Brigham Young (UT),Brigham Young University,0
L,2015-09-26,0,Michigan,31,"Provo, UT",,2015,Brigham Young (UT),Brigham Young University,0
W,2015-10-02,30,Connecticut,13,"Provo, UT",,2015,Brigham Young (UT),Brigham Young University,1
W,2015-10-10,45,East Carolina (NC),38,"Provo, UT",,2015,Brigham Young (UT),Brigham Young University,1
W,2015-10-16,38,Cincinnati (OH),24,"Provo, UT",,2015,Brigham Young (UT),Brigham Young University,1
W,2015-10-24,70,Wagner (NY),6,"Provo, UT",,2015,Brigham Young (UT),Brigham Young University,1
W,2015-11-06,17,San Jose St. (CA),16,"Provo, UT",,2015,Brigham Young (UT),Brigham Young University,0
L,2015-11-14,16,Missouri,20,"Provo, UT",,2015,Brigham Young (UT),Brigham Young University,1
W,2015-11-21,52,Fresno St. (CA),10,"Provo, UT",,2015,Brigham Young (UT),Brigham Young University,1
W,2015-11-28,51,Utah St.,28,"Provo, UT",,2015,Brigham Young (UT),Brigham Young University,0
L,2015-12-19,28,Utah,35,"Provo, UT",,2015,Brigham Young (UT),Brigham Young University,1
L,2015-10-02,13,Brigham Young (UT),30,"East Hartford, CT",,2015,Connecticut,University of Connecticut,0
L,2015-09-12,24,Brigham Young (UT),35,"Boise, ID",,2015,Boise St. (ID),Boise State University,0
L,2015-09-11,14,Utah,24,"Logan, UT",,2015,Utah St.,Utah State University,0
L,2015-11-28,28,Brigham Young (UT),51,"Logan, UT",,2015,Utah St.,Utah State University,1
L,2015-11-06,16,Brigham Young (UT),17,"San Jose, CA",,2015,San Jose St. (CA),San Jose State University,1
L,2015-09-19,24,Utah,45,"Fresno, CA",,2015,Fresno St. (CA),California State University: Fresno,1
L,2015-11-21,10,Brigham Young (UT),52,"Fresno, CA",,2015,Fresno St. (CA),California State University: Fresno,0
L,2015-10-10,24,Utah,30,"Berkeley, CA",,2015,California,University of California: Berkeley,0
L,2015-09-26,20,Utah,62,"Eugene, OR",,2015,Oregon,University of Oregon,1
L,2015-10-31,12,Utah,27,"Corvallis, OR",,2015,Oregon St.,Oregon State University,0
L,2015-11-07,23,Utah,34,"Seattle, WA",,2015,Washington,University of Washington,1
L,2015-10-17,18,Utah,34,"Tempe, AZ",,2015,Arizona St.,Arizona State University,0
W,2015-11-14,37,Utah,30,"Tucson, AZ",,2015,Arizona,University of Arizona,1
W,2015-09-19,24,Brigham Young (UT),23,"Pasadena, CA",,2015,UCLA,University of California: Los Angeles,1
W,2015-11-21,17,Utah,9,"Pasadena, CA",,2015,UCLA,University of California: Los Angeles,0
W,2015-10-24,42,Utah,24,"Los Angeles, CA",,2015,Southern California,University of Southern California,1
L,2015-11-28,14,Utah,20,"Boulder, CO",,2015,Colorado,University of Colorado at Boulder,0
W,2015-09-03,24,Michigan,17,"Salt Lake City, UT",,2015,Utah,University of Utah,1
W,2015-09-11,24,Utah St.,14,"Salt Lake City, UT",,2015,Utah,University of Utah,1
W,2015-09-19,45,Fresno St. (CA),24,"Salt Lake City, UT",,2015,Utah,University of Utah,0
W,2015-09-26,62,Oregon,20,"Salt Lake City, UT",,2015,Utah,University of Utah,0
W,2015-10-10,30,California,24,"Salt Lake City, UT",,2015,Utah,University of Utah,1
W,2015-10-17,34,Arizona St.,18,"Salt Lake City, UT",,2015,Utah,University of Utah,1
L,2015-10-24,24,Southern California,42,"Salt Lake City, UT",,2015,Utah,University of Utah,0
W,2015-10-31,27,Oregon St.,12,"Salt Lake City, UT",,2015,Utah,University of Utah,1
W,2015-11-07,34,Washington,23,"Salt Lake City, UT",,2015,Utah,University of Utah,0
L,2015-11-14,30,Arizona,37,"Salt Lake City, UT",,2015,Utah,University of Utah,0
L,2015-11-21,9,UCLA,17,"Salt Lake City, UT",,2015,Utah,University of Utah,1
W,2015-11-28,20,Colorado,14,"Salt Lake City, UT",,2015,Utah,University of Utah,1
W,2015-12-19,35,Brigham Young (UT),28,"Salt Lake City, UT",,2015,Utah,University of Utah,1
W,2015-11-14,20,Brigham Young (UT),16,"Columbia, MO",,2015,Missouri,University of Missouri: Columbia,1
L,2016-11-05,3,Brigham Young (UT),20,"Cincinnati, OH",,2016,Cincinnati (OH),University of Cincinnati,1
W,2016-09-24,35,Brigham Young (UT),32,"Morgantown, WV",,2016,West Virginia,West Virginia University,1
L,2016-12-28,24,Utah,26,"Bloomington, IN",,2016,Indiana,Indiana University Bloomington,1
L,2016-10-08,14,Brigham Young (UT),31,"East Lansing, MI",,2016,Michigan St.,Michigan State University,1
W,2016-09-03,18,Arizona,16,"Provo, UT",,2016,Brigham Young (UT),Brigham Young University,1
L,2016-09-10,19,Utah,20,"Provo, UT",,2016,Brigham Young (UT),Brigham Young University,0
L,2016-09-17,14,UCLA,17,"Provo, UT",,2016,Brigham Young (UT),Brigham Young University,1
L,2016-09-24,32,West Virginia,35,"Provo, UT",,2016,Brigham Young (UT),Brigham Young University,1
W,2016-09-30,55,Toledo (OH),53,"Provo, UT",,2016,Brigham Young (UT),Brigham Young University,1
W,2016-10-08,31,Michigan St.,14,"Provo, UT",,2016,Brigham Young (UT),Brigham Young University,0
W,2016-10-14,28,Mississippi St.,21,"Provo, UT",,2016,Brigham Young (UT),Brigham Young University,1
L,2016-10-20,27,Boise St. (ID),28,"Provo, UT",,2016,Brigham Young (UT),Brigham Young University,0
W,2016-11-05,20,Cincinnati (OH),3,"Provo, UT",,2016,Brigham Young (UT),Brigham Young University,0
W,2016-11-12,37,Southern Utah,7,"Provo, UT",,2016,Brigham Young (UT),Brigham Young University,1
W,2016-11-19,51,Massachusetts,9,"Provo, UT",,2016,Brigham Young (UT),Brigham Young University,1
W,2016-11-26,28,Utah St.,10,"Provo, UT",,2016,Brigham Young (UT),Brigham Young University,1
W,2016-12-21,24,Wyoming,21,"Provo, UT",,2016,Brigham Young (UT),Brigham Young University,1
L,2016-11-19,9,Brigham Young (UT),51,"Foxboro, MA",,2016,Massachusetts,University of Massachusetts Amherst,0
L,2016-09-30,53,Brigham Young (UT),55,"Toledo, OH",,2016,Toledo (OH),University of Toledo,0
W,2016-10-20,28,Brigham Young (UT),27,"Boise, ID",,2016,Boise St. (ID),Boise State University,1
L,2016-12-21,21,Brigham Young (UT),24,"Laramie, WY",,2016,Wyoming,University of Wyoming,1
L,2016-11-26,10,Brigham Young (UT),28,"Logan, UT",,2016,Utah St.,Utah State University,0
L,2016-09-17,17,Utah,34,"San Jose, CA",,2016,San Jose St. (CA),San Jose State University,1
W,2016-10-01,28,Utah,23,"Berkeley, CA",,2016,California,University of California: Berkeley,1
W,2016-11-19,30,Utah,28,"Eugene, OR",,2016,Oregon,University of Oregon,0
L,2016-10-15,14,Utah,19,"Corvallis, OR",,2016,Oregon St.,Oregon State University,1
W,2016-10-29,31,Utah,24,"Seattle, WA",,2016,Washington,University of Washington,0
L,2016-11-10,26,Utah,49,"Tempe, AZ",,2016,Arizona St.,Arizona State University,1
L,2016-09-03,16,Brigham Young (UT),18,"Tucson, AZ",,2016,Arizona,University of Arizona,1
L,2016-10-08,23,Utah,36,"Tucson, AZ",,2016,Arizona,University of Arizona,0
W,2016-11-26,27,Utah,22,"Boulder, CO",,2016,Colorado,University of Colorado at Boulder,1
W,2016-09-17,17,Brigham Young (UT),14,"Pasadena, CA",,2016,UCLA,University of California: Los Angeles,0
L,2016-10-22,45,Utah,52,"Pasadena, CA",,2016,UCLA,University of California: Los Angeles,1
W,2016-09-01,24,Southern Utah,0,"Salt Lake City, UT",,2016,Utah,University of Utah,1
W,2016-09-10,20,Brigham Young (UT),19,"Salt Lake City, UT",,2016,Utah,University of Utah,1
W,2016-09-17,34,San Jose St. (CA),17,"Salt Lake City, UT",,2016,Utah,University of Utah,0
W,2016-09-23,31,Southern California,27,"Salt Lake City, UT",,2016,Utah,University of Utah,1
L,2016-10-01,23,California,28,"Salt Lake City, UT",,2016,Utah,University of Utah,0
W,2016-10-08,36,Arizona,23,"Salt Lake City, UT",,2016,Utah,University of Utah,1
W,2016-10-15,19,Oregon St.,14,"Salt Lake City, UT",,2016,Utah,University of Utah,0
W,2016-10-22,52,UCLA,45,"Salt Lake City, UT",,2016,Utah,University of Utah,0
L,2016-10-29,24,Washington,31,"Salt Lake City, UT",,2016,Utah,University of Utah,1
W,2016-11-10,49,Arizona St.,26,"Salt Lake City, UT",,2016,Utah,University of Utah,0
L,2016-11-19,28,Oregon,30,"Salt Lake City, UT",,2016,Utah,University of Utah,1
L,2016-11-26,22,Colorado,27,"Salt Lake City, UT",,2016,Utah,University of Utah,0
W,2016-12-28,26,Indiana,24,"Salt Lake City, UT",,2016,Utah,University of Utah,1
L,2016-09-23,27,Utah,31,"Los Angeles, CA",,2016,Southern California,University of Southern California,0
L,2016-10-14,21,Brigham Young (UT),28,"Starkville, MS",,2016,Mississippi St.,Mississippi State University,0
W,2017-10-21,33,Brigham Young (UT),17,"Greenville, NC",,2017,East Carolina (NC),East Carolina University,1
L,2017-12-26,14,Utah,30,"Morgantown, WV",,2017,West Virginia,West Virginia University,1
W,2017-09-16,40,Brigham Young (UT),6,"Madison, WI",,2017,Wisconsin,University of Wisconsin-Madison,0
W,2017-08-26,20,Portland St. (OR),6,"Provo, UT",,2017,Brigham Young (UT),Brigham Young University,1
L,2017-09-02,0,Louisiana St.,27,"Provo, UT",,2017,Brigham Young (UT),Brigham Young University,1
L,2017-09-09,13,Utah,19,"Provo, UT",,2017,Brigham Young (UT),Brigham Young University,1
L,2017-09-16,6,Wisconsin,40,"Provo, UT",,2017,Brigham Young (UT),Brigham Young University,1
L,2017-09-29,24,Utah St.,40,"Provo, UT",,2017,Brigham Young (UT),Brigham Young University,0
L,2017-10-06,7,Boise St. (ID),24,"Provo, UT",,2017,Brigham Young (UT),Brigham Young University,1
L,2017-10-14,10,Mississippi St.,35,"Provo, UT",,2017,Brigham Young (UT),Brigham Young University,0
L,2017-10-21,17,East Carolina (NC),33,"Provo, UT",,2017,Brigham Young (UT),Brigham Young University,0
W,2017-10-28,41,San Jose St. (CA),20,"Provo, UT",,2017,Brigham Young (UT),Brigham Young University,1
L,2017-11-04,13,Fresno St. (CA),20,"Provo, UT",,2017,Brigham Young (UT),Brigham Young University,0
L,2017-11-18,10,Massachusetts,16,"Provo, UT",,2017,Brigham Young (UT),Brigham Young University,1
W,2017-11-25,30,Hawaii,20,"Provo, UT",,2017,Brigham Young (UT),Brigham Young University,0
W,2017-11-18,16,Brigham Young (UT),10,"Foxboro, MA",,2017,Massachusetts,University of Massachusetts Amherst,0
W,2017-10-06,24,Brigham Young (UT),7,"Boise, ID",,2017,Boise St. (ID),Boise State University,0
W,2017-09-29,40,Brigham Young (UT),24,"Logan, UT",,2017,Utah St.,Utah State University,1
W,2017-11-04,20,Brigham Young (UT),13,"Fresno, CA",,2017,Fresno St. (CA),California State University: Fresno,1
L,2017-11-25,20,Brigham Young (UT),30,"Honolulu, HI",,2017,Hawaii,University of Hawaii at Manoa,1
L,2017-09-16,16,Utah,54,"San Jose, CA",,2017,San Jose St. (CA),San Jose State University,0
L,2017-10-28,20,Brigham Young (UT),41,"San Jose, CA",,2017,San Jose St. (CA),San Jose State University,0
W,2017-10-28,41,Utah,20,"Eugene, OR",,2017,Oregon,University of Oregon,1
L,2017-11-10,21,Brigham Young (UT),31,"Las Vegas, NV",,2017,Nevada-Las Vegas,University of Nevada: Las Vegas,1
W,2017-10-07,23,Utah,20,"Stanford, CA",,2017,Stanford (CA),Stanford University,0
W,2017-11-18,33,Utah,30,"Seattle, WA",,2017,Washington,University of Washington,1
L,2017-09-22,24,Utah,30,"Tucson, AZ",,2017,Arizona,University of Arizona,1
W,2017-10-21,30,Utah,10,"Tempe, AZ",,2017,Arizona St.,Arizona State University,0
W,2017-11-11,33,Utah,25,"Pullman, WA",,2017,Washington St.,Washington State University,0
L,2017-11-25,13,Utah,34,"Boulder, CO",,2017,Colorado,University of Colorado at Boulder,0
L,2017-11-03,17,Utah,48,"Pasadena, CA",,2017,UCLA,University of California: Los Angeles,0
W,2017-10-14,28,Utah,27,"Los Angeles, CA",,2017,Southern California,University of Southern California,1
W,2017-08-31,37,North Dakota,16,"Salt Lake City, UT",,2017,Utah,University of Utah,1
W,2017-09-09,19,Brigham Young (UT),13,"Salt Lake City, UT",,2017,Utah,University of Utah,0
W,2017-09-16,54,San Jose St. (CA),16,"Salt Lake City, UT",,2017,Utah,University of Utah,1
W,2017-09-22,30,Arizona,24,"Salt Lake City, UT",,2017,Utah,University of Utah,0
L,2017-10-07,20,Stanford (CA),23,"Salt Lake City, UT",,2017,Utah,University of Utah,1
L,2017-10-14,27,Southern California,28,"Salt Lake City, UT",,2017,Utah,University of Utah,0
L,2017-10-21,10,Arizona St.,30,"Salt Lake City, UT",,2017,Utah,University of Utah,1
L,2017-10-28,20,Oregon,41,"Salt Lake City, UT",,2017,Utah,University of Utah,0
W,2017-11-03,48,UCLA,17,"Salt Lake City, UT",,2017,Utah,University of Utah,1
L,2017-11-11,25,Washington St.,33,"Salt Lake City, UT",,2017,Utah,University of Utah,1
L,2017-11-18,30,Washington,33,"Salt Lake City, UT",,2017,Utah,University of Utah,0
W,2017-11-25,34,Colorado,13,"Salt Lake City, UT",,2017,Utah,University of Utah,1
W,2017-12-26,30,West Virginia,14,"Salt Lake City, UT",,2017,Utah,University of Utah,1
W,2017-09-02,27,Brigham Young (UT),0,"Baton Rouge, LA",,2017,Louisiana St.,Louisiana State University and Agricultural and Mechanical College,1
W,2017-10-14,35,Brigham Young (UT),10,"Starkville, MS",,2017,Mississippi St.,Mississippi State University,1
W,2018-12-31,31,Utah,20,"Evanston, IL",,2018,Northwestern (IL),Northwestern University,1
L,2018-09-15,21,Brigham Young (UT),24,"Madison, WI",,2018,Wisconsin,University of Wisconsin-Madison,1
W,2018-09-01,28,Arizona,23,"Provo, UT",,2018,Brigham Young (UT),Brigham Young University,0
L,2018-09-08,18,California,21,"Provo, UT",,2018,Brigham Young (UT),Brigham Young University,1
W,2018-09-15,24,Wisconsin,21,"Provo, UT",,2018,Brigham Young (UT),Brigham Young University,0
W,2018-09-22,30,McNeese St. (LA),3,"Provo, UT",,2018,Brigham Young (UT),Brigham Young University,1
L,2018-09-29,7,Washington,35,"Provo, UT",,2018,Brigham Young (UT),Brigham Young University,0
L,2018-10-05,20,Utah St.,45,"Provo, UT",,2018,Brigham Young (UT),Brigham Young University,1
W,2018-10-13,49,Hawaii,23,"Provo, UT",,2018,Brigham Young (UT),Brigham Young University,1
L,2018-10-27,6,Northern Illinois,7,"Provo, UT",,2018,Brigham Young (UT),Brigham Young University,1
L,2018-11-03,16,Boise St. (ID),21,"Provo, UT",,2018,Brigham Young (UT),Brigham Young University,0
W,2018-11-10,35,Massachusetts,16,"Provo, UT",,2018,Brigham Young (UT),Brigham Young University,0
W,2018-11-17,45,New Mexico St.,10,"Provo, UT",,2018,Brigham Young (UT),Brigham Young University,1
L,2018-11-24,27,Utah,35,"Provo, UT",,2018,Brigham Young (UT),Brigham Young University,0
W,2018-12-21,49,Western Michigan,18,"Provo, UT",,2018,Brigham Young (UT),Brigham Young University,1
L,2018-11-17,10,Brigham Young (UT),45,"Las Cruces, NM",,2018,New Mexico St.,New Mexico State University,0
L,2018-11-10,16,Brigham Young (UT),35,"Foxboro, MA",,2018,Massachusetts,University of Massachusetts Amherst,1
L,2018-09-08,6,Utah,17,"DeKalb, IL",,2018,Northern Illinois,Northern Illinois University,1
W,2018-10-27,7,Brigham Young (UT),6,"DeKalb, IL",,2018,Northern Illinois,Northern Illinois University,0
L,2018-12-21,18,Brigham Young (UT),49,"Kalamazoo, MI",,2018,Western Michigan,Western Michigan University,1
W,2018-11-03,21,Brigham Young (UT),16,"Boise, ID",,2018,Boise St. (ID),Boise State University,1
W,2018-10-05,45,Brigham Young (UT),20,"Logan, UT",,2018,Utah St.,Utah State University,0
L,2018-10-13,23,Brigham Young (UT),49,"Honolulu, HI",,2018,Hawaii,University of Hawaii at Manoa,0
W,2018-09-08,21,Brigham Young (UT),18,"Berkeley, CA",,2018,California,University of California: Berkeley,0
L,2018-11-10,25,Utah,32,"Eugene, OR",,2018,Oregon,University of Oregon,0
L,2018-10-06,21,Utah,40,"Stanford, CA",,2018,Stanford (CA),Stanford University,1
W,2018-09-15,21,Utah,7,"Seattle, WA",,2018,Washington,University of Washington,0
W,2018-09-29,35,Brigham Young (UT),7,"Seattle, WA",,2018,Washington,University of Washington,1
W,2018-11-30,10,Utah,3,"Seattle, WA",,2018,Washington,University of Washington,1
W,2018-11-03,38,Utah,20,"Tempe, AZ",,2018,Arizona St.,Arizona State University,1
W,2018-09-29,28,Utah,24,"Pullman, WA",,2018,Washington St.,Washington State University,1
L,2018-09-01,23,Brigham Young (UT),28,"Tucson, AZ",,2018,Arizona,University of Arizona,1
L,2018-10-12,10,Utah,42,"Tucson, AZ",,2018,Arizona,University of Arizona,0
L,2018-10-26,10,Utah,41,"Pasadena, CA",,2018,UCLA,University of California: Los Angeles,1
L,2018-11-17,7,Utah,30,"Boulder, CO",,2018,Colorado,University of Colorado at Boulder,1
L,2018-10-20,28,Utah,41,"Los Angeles, CA",,2018,Southern California,University of Southern California,0
W,2018-08-30,41,Weber St. (UT),10,"Salt Lake City, UT",,2018,Utah,University of Utah,1
W,2018-09-08,17,Northern Illinois,6,"Salt Lake City, UT",,2018,Utah,University of Utah,0
L,2018-09-15,7,Washington,21,"Salt Lake City, UT",,2018,Utah,University of Utah,1
L,2018-09-29,24,Washington St.,28,"Salt Lake City, UT",,2018,Utah,University of Utah,0
W,2018-10-06,40,Stanford (CA),21,"Salt Lake City, UT",,2018,Utah,University of Utah,0
W,2018-10-12,42,Arizona,10,"Salt Lake City, UT",,2018,Utah,University of Utah,1
W,2018-10-20,41,Southern California,28,"Salt Lake City, UT",,2018,Utah,University of Utah,1
W,2018-10-26,41,UCLA,10,"Salt Lake City, UT",,2018,Utah,University of Utah,0
L,2018-11-03,20,Arizona St.,38,"Salt Lake City, UT",,2018,Utah,University of Utah,0
W,2018-11-10,32,Oregon,25,"Salt Lake City, UT",,2018,Utah,University of Utah,1
W,2018-11-17,30,Colorado,7,"Salt Lake City, UT",,2018,Utah,University of Utah,0
W,2018-11-24,35,Brigham Young (UT),27,"Salt Lake City, UT",,2018,Utah,University of Utah,1
L,2018-11-30,3,Washington,10,"Salt Lake City, UT",,2018,Utah,University of Utah,1
L,2018-12-31,20,Northwestern (IL),31,"Salt Lake City, UT",,2018,Utah,University of Utah,1
W,2019-10-12,27,Brigham Young (UT),23,"Tampa, FL",,2019,South Florida,University of South Florida,1
W,2019-12-31,38,Utah,10,"Austin, TX",,2019,Texas,The University of Texas at Austin,1
L,2019-11-09,24,Brigham Young (UT),31,"Lynchburg, VA",,2019,Liberty (VA),Liberty University,0
L,2019-08-29,12,Utah,30,"Provo, UT",,2019,Brigham Young (UT),Brigham Young University,1
W,2019-09-07,29,Tennessee,26,"Provo, UT",,2019,Brigham Young (UT),Brigham Young University,0
W,2019-09-14,30,Southern California,27,"Provo, UT",,2019,Brigham Young (UT),Brigham Young University,1
L,2019-09-21,19,Washington,45,"Provo, UT",,2019,Brigham Young (UT),Brigham Young University,1
L,2019-09-28,21,Toledo (OH),28,"Provo, UT",,2019,Brigham Young (UT),Brigham Young University,0
L,2019-10-12,23,South Florida,27,"Provo, UT",,2019,Brigham Young (UT),Brigham Young University,0
W,2019-10-19,28,Boise St. (ID),25,"Provo, UT",,2019,Brigham Young (UT),Brigham Young University,1
W,2019-11-02,42,Utah St.,14,"Provo, UT",,2019,Brigham Young (UT),Brigham Young University,0
W,2019-11-09,31,Liberty (VA),24,"Provo, UT",,2019,Brigham Young (UT),Brigham Young University,1
W,2019-11-16,42,Idaho St.,10,"Provo, UT",,2019,Brigham Young (UT),Brigham Young University,1
W,2019-11-23,56,Massachusetts,24,"Provo, UT",,2019,Brigham Young (UT),Brigham Young University,0
L,2019-11-30,3,San Diego St. (CA),13,"Provo, UT",,2019,Brigham Young (UT),Brigham Young University,0
L,2019-12-24,34,Hawaii,38,"Provo, UT",,2019,Brigham Young (UT),Brigham Young University,0
L,2019-11-23,24,Brigham Young (UT),56,"Foxboro, MA",,2019,Massachusetts,University of Massachusetts Amherst,1
L,2019-09-07,17,Utah,35,"DeKalb, IL",,2019,Northern Illinois,Northern Illinois University,0
W,2019-09-28,28,Brigham Young (UT),21,"Toledo, OH",,2019,Toledo (OH),University of Toledo,1
L,2019-10-19,25,Brigham Young (UT),28,"Boise, ID",,2019,Boise St. (ID),Boise State University,0
L,2019-11-02,14,Brigham Young (UT),42,"Logan, UT",,2019,Utah St.,Utah State University,1
W,2019-11-30,13,Brigham Young (UT),3,"San Diego, CA",,2019,San Diego St. (CA),San Diego State University,1
W,2019-12-24,38,Brigham Young (UT),34,"Honolulu, HI",,2019,Hawaii,University of Hawaii at Manoa,1
L,2019-10-26,0,Utah,35,"Berkeley, CA",,2019,California,University of California: Berkeley,0
W,2019-12-06,37,Utah,15,"Eugene, OR",,2019,Oregon,University of Oregon,1
L,2019-10-12,7,Utah,52,"Corvallis, OR",,2019,Oregon St.,Oregon State University,1
W,2019-09-21,45,Brigham Young (UT),19,"Seattle, WA",,2019,Washington,University of Washington,0
L,2019-11-02,28,Utah,33,"Seattle, WA",,2019,Washington,University of Washington,1
L,2019-09-28,13,Utah,38,"Pullman, WA",,2019,Washington St.,Washington State University,0
L,2019-10-19,3,Utah,21,"Tempe, AZ",,2019,Arizona St.,Arizona State University,0
L,2019-11-23,7,Utah,35,"Tucson, AZ",,2019,Arizona,University of Arizona,1
L,2019-11-30,15,Utah,45,"Boulder, CO",,2019,Colorado,University of Colorado at Boulder,0
L,2019-11-16,3,Utah,49,"Pasadena, CA",,2019,UCLA,University of California: Los Angeles,0
L,2019-09-14,27,Brigham Young (UT),30,"Los Angeles, CA",,2019,Southern California,University of Southern California,0
W,2019-09-20,30,Utah,23,"Los Angeles, CA",,2019,Southern California,University of Southern California,1
W,2019-08-29,30,Brigham Young (UT),12,"Salt Lake City, UT",,2019,Utah,University of Utah,0
W,2019-09-07,35,Northern Illinois,17,"Salt Lake City, UT",,2019,Utah,University of Utah,1
W,2019-09-14,31,Idaho St.,0,"Salt Lake City, UT",,2019,Utah,University of Utah,1
L,2019-09-20,23,Southern California,30,"Salt Lake City, UT",,2019,Utah,University of Utah,0
W,2019-09-28,38,Washington St.,13,"Salt Lake City, UT",,2019,Utah,University of Utah,1
W,2019-10-12,52,Oregon St.,7,"Salt Lake City, UT",,2019,Utah,University of Utah,0
W,2019-10-19,21,Arizona St.,3,"Salt Lake City, UT",,2019,Utah,University of Utah,1
W,2019-10-26,35,California,0,"Salt Lake City, UT",,2019,Utah,University of Utah,1
W,2019-11-02,33,Washington,28,"Salt Lake City, UT",,2019,Utah,University of Utah,0
W,2019-11-16,49,UCLA,3,"Salt Lake City, UT",,2019,Utah,University of Utah,1
W,2019-11-23,35,Arizona,7,"Salt Lake City, UT",,2019,Utah,University of Utah,0
W,2019-11-30,45,Colorado,15,"Salt Lake City, UT",,2019,Utah,University of Utah,1
L,2019-12-06,15,Oregon,37,"Salt Lake City, UT",,2019,Utah,University of Utah,1
L,2019-12-31,10,Texas,38,"Salt Lake City, UT",,2019,Utah,University of Utah,1
L,2019-09-07,26,Brigham Young (UT),29,"Knoxville, TN",,2019,Tennessee,University of Tennessee: Knoxville,1
